title	artist	length	index	__next__
Don’t Worry Baby	Los Lobos	2:47	0	
Come On Let's Go	Los Lobos	2:11	1	
Charlena	Los Lobos	2:46	2	
La Bamaba	Los Lobos	2:57	3	
The Fear (Flipped)	The Shins	4:41	4	
Will the Wolf Survive?	Los Lobos	3:42	5	
The Fear	The Shins	5:25	6	
No Dogs Allowed	José Feliciano	3:09	7	
Tale of Maria	José Feliciano	3:19	8	
Light My Fire	José Feliciano	3:28	9	10
Light My Fire	José Feliciano	3:06	10	
Che sarà	José Feliciano	3:33	11	
California Dreamin’	José Feliciano	3:15	12	
La Bamba	Ritchie Valens	2:06	13	
Donna	Ritchie Valens	2:23	14	
Come On, Let’s Go	Ritchie Valens	2:00	15	
Vendrá la Muerte y tendrá tus ojos	Los Animalitos	2:50	16	
Garúa	Andrés Calamaro	3:40	17	
En el último trago	Andrés Calamaro & Lila Downs	-	18	
Siete segundos / El día que me quieras	Andrés Calamaro	5:26	19	
Juntos para siempre	Alejandro Lerner & Andrés Calamaro	3:32	20	
Para no olvidar	Andrés Calamaro con Manolo García y Vicente Amigo	4:04	21	
Himno a la alegría	Aitana, Alejandro Sanz, Antonio José, Antonio Orozco, Pablo López, Alejandro Lerner, Alessia Cara, Álex Ubago, Ana Mena, Andrés Calamaro, Andrés Dvicio, Brian May, Camilo, Carlos Rivera, David Bisbal, Draco, Dulce Pontes, Fher, India Martínez, Joy, Juanes, Lali, Laura Pausini, Leire Martínez, Macaco, Malú, Manolo García, Manuel Carrasco, Mau y Ricky, Melendi, Miguel Ríos, Mikel Izal, Nathy Peluso, Pablo Alborán, Rosario, Rozalén, Sebastián Yatra & Vanesa Martín	5:07	22	
Flaca	Andrés Calamaro & Alejandro Sanz	3:46	23	
Paula (live, 2010-10-05: MTV Unplugged, Estudios Churubusco, Mexico City, Mexico)	Zoé	4:12	24	
Himno De Mi Corazón	Andrés Calamaro, Cachorro López, Daniel Melingo	-	25	
Everything in its Right Place	Aquasky vs. Radiohead	7:28	26	
Let Down (edit)	Radiohead	4:26	27	
I Might Be Wrong	Radiohead	3:44	28	
These Are My Twisted Words	Radiohead	5:32	29	
Fake Plastic Trees	Radiohead	-	30	
Another Wedged Chicken (Martyn remix)	Shed	6:00	31	
Bulletproof... I Wish I Was	Radiohead	-	32	
Bullet Proof..I Wish I Was	Radiohead	3:28	33	
I Shot the Sheriff	Warren G	4:08	34	
I Want None of This	Radiohead	3:14	35	
House of Cards	Radiohead	4:36	36	
Banana Co.	Radiohead	2:21	37	
Harry Patch (In Memory Of)	Radiohead	5:33	38	
Idioteque	Radiohead	5:09	39	
TKOL (Altrice RMX)	Radiohead	6:00	40	
Bloom (Harmonic 313 RMX)	Radiohead	5:04	41	
Morning Mr Magpie (Nathan Fake RMX)	Radiohead	4:52	42	
Jigsaw Falling Into Place	Radiohead	4:10	43	
Treefingers (Kid 17 version)	Radiohead	-	44	
I Wear It Proudly (Elvis Costello Cover)	Radiohead	-	45	
Pop Is Dead (live, 1994-05-27: The Astoria, London, UK)	Radiohead	2:22	46	
There There	Radiohead	4:40	47	115
Bloom (Jamie XX Rework)	Radiohead	2:27	48	
Bloom (Jamie xx rework part 3)	Radiohead	7:47	49	
Bones	Radiohead	3:09	50	
Supercollider	Radiohead	7:02	51	
Polyethylene (live, 1998-04-18: Radio City Music Hall, New York, NY, USA)	Radiohead	-	52	
A Punchup at a Wedding	Radiohead	3:53	53	
Reckoner (Backing Vocals Stem)	Radiohead	4:50	54	
Reckoner (Bass Stem)	Radiohead	4:50	55	
Yes I Am	Radiohead	4:25	56	
Climbing Up the Walls (Zero 7 mix)	Radiohead	5:18	57	
Karma Police	Radiohead	4:22	58	
How to Disappear Completely	Radiohead	-	59	116
Bishop’s Robes	Radiohead	3:25	60	
Give Up the Ghost (Brokenchord RMX)	Radiohead	5:03	61	
Lucky (1997‐08‐12 Launch session)	Radiohead	4:30	62	
Street Spirit	Wonky vs. Radiohead	6:52	63	
Climbing Up the Walls	Radiohead	4:45	64	
High & Dry	Radiohead	4:16	65	
Bloom (Objekt RMX)	Radiohead	5:19	66	
Planet Telex (Hexidecimal mix)	Radiohead	6:44	67	
[data track]	Radiohead	69:32	68	
Everything in Its Right Place (Andi Müller’s Looong mix)	Radiohead	11:01	69	
Bodysnatchers	Radiohead	4:04	70	
Staircase	Radiohead	4:31	71	
Ill Wind	Radiohead	4:15	72	
Present Tense (radio edit)	Radiohead	4:39	73	
Identikit (radio edit)	Radiohead	3:45	74	111
Bloom (Creatures mix for Jun Takahashi)	Radiohead	17:45	75	
Fake Plastic Trees	Radiohead	4:50	76	
The Butcher	Radiohead	4:37	77	
Go to Sleep. (Little Man Being Erased.)	Radiohead	3:21	78	
Morning Mr Magpie (Pearson Sound Scavenger RMX)	Radiohead	4:40	79	
Spectre	Radiohead	3:19	80	
The Numbers: Jonny, Thom & a CR78	Radiohead	5:45	81	
Intro (live, 2000‐10‐17: Air Canada Centre, Toronto, Canada)	Radiohead	-	82	
Paranoid Android (live, 2000‐10‐17: Air Canada Centre, Toronto, Canada)	Radiohead	-	83	
National Anthem (live, 2000‐10‐17: Air Canada Centre, Toronto, Canada)	Radiohead	-	84	
No Surprises	Radiohead	3:48	85	
Lift	Radiohead	4:06	86	
Man of War	Radiohead	4:29	87	
33.33333 (The Gloaming remix)	Radiohead	3:33	88	
Burn the Witch	Radiohead	3:59	89	
Packt Like Sardines in a Crushd Tin Box	Radiohead	4:00	90	
The Daily Mail	Radiohead	3:37	91	
Daydreaming	Radiohead	6:24	92	
Creep (Very 2021 rmx)	Thom Yorke feat. Radiohead	9:02	93	
The Gloaming (DJ Shadow remix)	Radiohead	5:33	94	
Knives Out	Radiohead	4:14	95	
Dollars and Cents (live, 2001-07-07: South Park, Oxford, England, UK)	Radiohead	5:13	96	
Talk Show Host (Nellee Hooper mix)	Radiohead	4:15	97	
Codex (Illum Sphere rmx)	Radiohead	4:34	98	
Meeting in the Aisle	Radiohead	3:08	99	
I Promise	Radiohead	3:59	100	
Follow Me Around	Radiohead	5:19	101	
Feral (Lone RMX)	Radiohead	5:16	102	
Codex (Illum Sphere RMX)	Radiohead	4:32	103	
Give Up the Ghost (Thriller Houseghost RMX)	Radiohead	6:12	104	
Good Evening Mrs Magpie (Modeselektor RMX)	Radiohead	7:43	105	
Separator (Anstam RMX)	Radiohead	4:51	106	
Lotus Flower (Jacques Greene rmx)	Radiohead	7:09	107	
Little by Little (Caribou rmx)	Radiohead	5:40	108	
Black Star	Radiohead	4:07	109	
Separator (Anstam RMX II)	Radiohead	3:55	110	
Identikit (instrumental)	Radiohead	4:26	111	
Down Is the New Up	Radiohead	4:59	112	
If You Say the Word	Radiohead	4:21	113	
All I Need	Radiohead	3:48	114	
There There	Radiohead	5:22	115	
How to Disappear Completely	Radiohead	5:56	116	
The National Anthem	Radiohead	5:51	117	
Cuttooth	Radiohead	5:24	118	
I Might Be Wrong (live, 2001-07-07: South Park, Oxford, England, UK)	Radiohead	4:52	119	
Lucky	Radiohead	4:19	120	
Prove Yourself	Radiohead	2:25	121	
Lotus Flower	Radiohead	5:00	122	
Little by Little	Radiohead	4:27	123	
2 + 2 = 5 (The Lukewarm.)	Radiohead	3:19	124	
Creep (You’re so fucking special)	Radiohead	3:56	125	
Nude	Radiohead	4:15	126	
Gagging Order	Radiohead	3:35	127	
Planet Telex	Radiohead	4:19	128	
Stop Whispering (U.S. version)	Radiohead	4:11	129	
Bones (live at the Forum)	Radiohead	3:13	130	
Just	Radiohead	3:54	131	
Down Is the New Up (live From the Basement)	Thom Yorke	5:07	132	
Airbag (live, Berlin, Germany)	Radiohead	4:49	133	
Fast‐Track	Radiohead	3:17	134	
Present Tense: Jonny, Thom & a CR78	Radiohead	5:26	135	
Paranoid Android	Radiohead	6:23	136	
El Rey	José Alfredo Jiménez	2:09	137	
Gracias (Tres corazones)	José Alfredo Jiménez	2:51	138	
En el último trago	José Alfredo Jiménez	2:20	139	
El cantinero	José Alfredo Jiménez	2:10	140	
The Man With All the Toys	The Beach Boys	1:29	141	
Bluebirds Over the Mountain	The Beach Boys	2:08	142	
Make It Big	The Beach Boys	3:11	143	
Little Saint Nick	The Beach Boys	2:08	144	
Cool Cool Water	The Beach Boys	-	145	
Don't Go Near the Water	The Beach Boys	-	146	
Friends	The Beach Boys	2:30	147	
Funky Pretty	The Beach Boys	4:07	148	
In My Room	The Beach Boys	2:07	149	
Little Bird	The Beach Boys	1:59	150	
Sumahama	The Beach Boys	4:28	151	
You Need a Mess of Help to Stand Alone	The Beach Boys	-	152	
When I Grow Up (To Be a Man)	The Beach Boys	-	153	
Slip On Through	The Beach Boys	-	154	
Neon City	Billy J. Kramer & The Dakotas	2:53	155	
Break Away	The Beach Boys	2:53	156	
She Knows Me Too Well	The Beach Boys	2:28	157	
Please Let Me Wonder	The Beach Boys	2:45	158	
Do You Wanna Dance? (stereo)	The Beach Boys	2:39	159	
Lahaina Aloha	The Beach Boys	3:46	160	
Never Learn Not to Love	The Beach Boys	2:52	161	
Celebrate the News	The Beach Boys	3:03	162	
Little Deuce Coupe	The Beach Boys	1:40	163	165
Lady Lynda	The Beach Boys	3:58	164	
Little Deuce Coupe	The Beach Boys	1:49	165	
Disney Girls (1957)	The Beach Boys	-	166	
California	The Beach Boys	3:21	167	
Here Comes the Night	The Beach Boys	-	168	
Baby Blue	The Beach Boys	-	169	
Sail On Sailor	The Beach Boys	3:18	170	
Beach Boys Medley	Home Free	4:15	171	
California Dreamin	The Mamas & the Papas	2:39	172	
Surfin Safari (mono/duophonic)	The Beach Boys	2:06	173	
Kiss Me Baby	The Beach Boys	2:34	174	
Surf's Up	The Beach Boys	4:12	175	
Friends	The Beach Boys	2:32	176	
Marcella	The Beach Boys	-	177	
Dance, Dance, Dance	The Beach Boys	-	178	
409	The Beach Boys	1:59	179	214
Be True to Your School	The Beach Boys	2:13	180	
Fun Fun Fun	Status Quo	4:00	181	205
God Only Knows (stereo)	The Beach Boys	2:55	182	
Heroes & Villains	The Beach Boys	3:45	183	
I Can Hear Music	The Beach Boys	2:37	184	
The Warmth of the Sun	The Beach Boys	2:48	185	
I Was Made to Love Her	The Beach Boys	2:07	186	
Barbara Ann	The Beach Boys	1:57	187	217
I Can Hear Music	The Beach Boys	2:33	188	
Cotton Fields	The Beach Boys	3:00	189	
Ten Little Indians	The Beach Boys	1:30	190	
Tutti Fruti	Little Richard	2:25	191	
Good Vibrations	The Beach Boys	3:45	192	
Shut Down	The Beach Boys	1:50	193	209
Forever	The Beach Boys	-	194	
The Lord's Prayer	The Beach Boys	-	195	
Surfin'	The Beach Boys	-	196	
God Only Knows	The Beach Boys	2:46	197	
Darlin (Live In White Plains, NY / 11/21/67)	The Beach Boys	2:55	198	
Gettin' Hungry (Live In Hawaii / 8/25/67)	The Beach Boys	3:11	199	
Crocodile Rock	The Beach Boys	4:22	200	
California Girls (live: 1966-10-22: University of Michigan, Ann Arbor, MI, USA)	The Beach Boys	2:38	201	
That’s Why God Made the Radio	The Beach Boys	3:19	202	
Wouldn’t It Be Nice (mono)	The Beach Boys	2:24	203	
Surfin Safari (mono/duophonic)	The Beach Boys	2:06	204	
Fun Fun Fun	Status Quo feat. The Beach Boys	3:04	205	
Marcella	The Beach Boys	3:45	206	
Rock and Roll Music	The Beach Boys	2:29	207	
God Only Knows	The Beach Boys	2:50	208	
Shut Down	The Beach Boys	1:51	209	
Hold On Dear Brother	The Beach Boys	4:48	210	
I Get Around (live on the Ed Sullivan Show, September 27, 1964)	The Beach Boys	2:01	211	
Be True to Your School	The Beach Boys	2:07	212	
Good Vibrations (Live On The Ed Sullivan Show, October 13, 1968)	The Beach Boys	3:16	213	
409 (mono/duophonic)	The Beach Boys	2:00	214	
Surfer Girl	The Beach Boys	2:27	215	
Surfin’ U.S.A.	The Beach Boys	2:28	216	
Barbara Ann (single version)	The Beach Boys	2:06	217	
Barbie	The Beach Boys	-	218	
God Only Knows (DJ John Michael Peloton Remix)	The Beach Boys	-	219	
Wind Chimes	The Beach Boys	2:36	220	
Getcha Back	The Beach Boys	3:01	221	
Do It Again	The Beach Boys	2:16	222	
Kokomo	The Beach Boys	3:36	223	
Help Me, Rhonda (mono)	The Beach Boys	2:47	224	
Don’t Worry Baby	The Beach Boys	2:48	225	
